-- Inserção de pessoas
INSERT INTO PESSOA (CPF, TIPO) VALUES ('123.456.789-00', 'MENTOR');
INSERT INTO PESSOA (CPF, TIPO) VALUES ('987.654.321-00', 'MENTOR');
INSERT INTO PESSOA (CPF, TIPO) VALUES ('234.567.890-00', 'ATLETA');
INSERT INTO PESSOA (CPF, TIPO) VALUES ('345.678.901-00', 'ATLETA');
INSERT INTO PESSOA (CPF, TIPO) VALUES ('456.789.012-00', 'ATLETA');
INSERT INTO PESSOA (CPF, TIPO) VALUES ('567.890.123-00', 'ATLETA');
INSERT INTO PESSOA (CPF, TIPO) VALUES ('678.901.234-00', 'ATLETA');
INSERT INTO PESSOA (CPF, TIPO) VALUES ('789.012.345-00', 'ATLETA');
INSERT INTO PESSOA (CPF, TIPO) VALUES ('890.123.456-00', 'ATLETA');
INSERT INTO PESSOA (CPF, TIPO) VALUES ('901.234.567-00', 'ATLETA');

-- Inserção de mentores
INSERT INTO MENTOR (PESSOA, NOME, INICIO_DE_CARREIRA, FIM_DE_CARREIRA, DATA_NASC, ESCOLARIDADE, NUM_TELEFONE, PAIS, ESTADO, CIDADE, LOGRADOURO, NUMERO, COMPLEMENTO)
VALUES ('123.456.789-00', 'Ricardo Rocha', TO_DATE('1990-01-01', 'YYYY-MM-DD'), NULL, TO_DATE('1975-11-05', 'YYYY-MM-DD'), 'SUPERIOR', '(11)98765-4321', 'Brasil', 'SP', 'São Paulo', 'Av. Paulista', 1000, 'Apto 102');
INSERT INTO MENTOR (PESSOA, NOME, INICIO_DE_CARREIRA, FIM_DE_CARREIRA, DATA_NASC, ESCOLARIDADE, NUM_TELEFONE, PAIS, ESTADO, CIDADE, LOGRADOURO, NUMERO, COMPLEMENTO)
VALUES ('987.654.321-00', 'Tânia Silva', TO_DATE('2000-01-01', 'YYYY-MM-DD'), NULL, TO_DATE('1980-08-15', 'YYYY-MM-DD'), 'MESTRADO', '(21)99987-6543', 'Brasil', 'RJ', 'Rio de Janeiro', 'Rua Carioca', 200, 'Bloco A');

-- Inserção de atletas
INSERT INTO ATLETA (PESSOA, CLUBE_OU_EQUIPE, NOME, MENTOR, DATA_NASC, ESCOLARIDADE, NUM_TELEFONE, PAIS, ESTADO, CIDADE, LOGRADOURO, NUMERO, COMPLEMENTO)
VALUES ('234.567.890-00', 'Flamengo', 'Neymar Jr.', '123.456.789-00', TO_DATE('1992-02-05', 'YYYY-MM-DD'), 'SUPERIOR', '(11)99876-5432', 'Brasil', 'SP', 'São Paulo', 'Rua dos Três Irmãos', 450, 'Apto 302');
INSERT INTO ATLETA (PESSOA, CLUBE_OU_EQUIPE, NOME, MENTOR, DATA_NASC, ESCOLARIDADE, NUM_TELEFONE, PAIS, ESTADO, CIDADE, LOGRADOURO, NUMERO, COMPLEMENTO)
VALUES ('345.678.901-00', 'São Paulo', 'Gabriel Barbosa', '987.654.321-00', TO_DATE('1996-08-30', 'YYYY-MM-DD'), 'SUPERIOR', '(11)96321-9876', 'Brasil', 'SP', 'São Paulo', 'Rua das Flores', 350, 'Casa 01');
INSERT INTO ATLETA (PESSOA, CLUBE_OU_EQUIPE, NOME, MENTOR, DATA_NASC, ESCOLARIDADE, NUM_TELEFONE, PAIS, ESTADO, CIDADE, LOGRADOURO, NUMERO, COMPLEMENTO)
VALUES ('456.789.012-00', 'Fluminense', 'Richarlison', '123.456.789-00', TO_DATE('1997-05-05', 'YYYY-MM-DD'), 'MEDIO', '(21)93456-1234', 'Brasil', 'RJ', 'Rio de Janeiro', 'Av. Brasil', 1200, 'Apto 301');
INSERT INTO ATLETA (PESSOA, CLUBE_OU_EQUIPE, NOME, MENTOR, DATA_NASC, ESCOLARIDADE, NUM_TELEFONE, PAIS, ESTADO, CIDADE, LOGRADOURO, NUMERO, COMPLEMENTO)
VALUES ('567.890.123-00', 'Botafogo', 'Lucas Paquetá', '987.654.321-00', TO_DATE('1997-08-27', 'YYYY-MM-DD'), 'PÓS-GRADUAÇÃO', '(21)98765-1234', 'Brasil', 'RJ', 'Rio de Janeiro', 'Rua São João', 112, 'Bloco C');
INSERT INTO ATLETA (PESSOA, CLUBE_OU_EQUIPE, NOME, MENTOR, DATA_NASC, ESCOLARIDADE, NUM_TELEFONE, PAIS, ESTADO, CIDADE, LOGRADOURO, NUMERO, COMPLEMENTO)
VALUES ('678.901.234-00', 'Palmeiras', 'Felipe Melo', '123.456.789-00', TO_DATE('1983-06-26', 'YYYY-MM-DD'), 'SUPERIOR', '(11)97654-3210', 'Brasil', 'SP', 'São Paulo', 'Rua da Liberdade', 420, 'Apto 404');
INSERT INTO ATLETA (PESSOA, CLUBE_OU_EQUIPE, NOME, MENTOR, DATA_NASC, ESCOLARIDADE, NUM_TELEFONE, PAIS, ESTADO, CIDADE, LOGRADOURO, NUMERO, COMPLEMENTO)
VALUES ('789.012.345-00', 'Santos', 'Robson de Souza', '987.654.321-00', TO_DATE('1980-10-25', 'YYYY-MM-DD'), 'SUPERIOR', '(13)98888-1234', 'Brasil', 'SP', 'Santos', 'Av. Ana Costa', 1530, 'Casa 05');
INSERT INTO ATLETA (PESSOA, CLUBE_OU_EQUIPE, NOME, MENTOR, DATA_NASC, ESCOLARIDADE, NUM_TELEFONE, PAIS, ESTADO, CIDADE, LOGRADOURO, NUMERO, COMPLEMENTO)
VALUES ('890.123.456-00', 'Vasco da Gama', 'Ricardo Goulart', '123.456.789-00', TO_DATE('1991-02-02', 'YYYY-MM-DD'), 'MEDIO', '(21)93210-9876', 'Brasil', 'RJ', 'Rio de Janeiro', 'Rua da Esperança', 800, 'Casa 10');
INSERT INTO ATLETA (PESSOA, CLUBE_OU_EQUIPE, NOME, MENTOR, DATA_NASC, ESCOLARIDADE, NUM_TELEFONE, PAIS, ESTADO, CIDADE, LOGRADOURO, NUMERO, COMPLEMENTO)
VALUES ('901.234.567-00', 'Corinthians', 'Jô', '987.654.321-00', TO_DATE('1987-10-20', 'YYYY-MM-DD'), 'SUPERIOR', '(11)98765-4321', 'Brasil', 'SP', 'São Paulo', 'Rua dos Pássaros', 200, 'Apto 05');

-- Doenças para Atletas
INSERT INTO DOENCAS_ATLETA (ATLETA, DOENCA) VALUES ('234.567.890-00', 'Asma');
INSERT INTO DOENCAS_ATLETA (ATLETA, DOENCA) VALUES ('345.678.901-00', 'Fratura no braço');
INSERT INTO DOENCAS_ATLETA (ATLETA, DOENCA) VALUES ('456.789.012-00', 'Artrite');
INSERT INTO DOENCAS_ATLETA (ATLETA, DOENCA) VALUES ('567.890.123-00', 'Distensão muscular');
INSERT INTO DOENCAS_ATLETA (ATLETA, DOENCA) VALUES ('678.901.234-00', 'Lesão no joelho');
INSERT INTO DOENCAS_ATLETA (ATLETA, DOENCA) VALUES ('789.012.345-00', 'Hérnia de disco');
INSERT INTO DOENCAS_ATLETA (ATLETA, DOENCA) VALUES ('890.123.456-00', 'Gripe forte');
INSERT INTO DOENCAS_ATLETA (ATLETA, DOENCA) VALUES ('901.234.567-00', 'Dores nas costas');


-- Doenças para Mentores
INSERT INTO DOENCAS_MENTOR (MENTOR, DOENCA) VALUES ('123.456.789-00', 'Hipertensão');
INSERT INTO DOENCAS_MENTOR (MENTOR, DOENCA) VALUES ('987.654.321-00', 'Diabetes');


-- Inserção de eventos conforme a nova estrutura da tabela
INSERT INTO EVENTO (NOME_DO_EVENTO, DATA_EVENTO, PAIS, ESTADO, CIDADE, LOGRADOURO, NUMERO, COMPLEMENTO)
VALUES ('Evento Copa do Mundo FIFA', TO_DATE('2021-07-23', 'YYYY-MM-DD'), 'Japão', 'JP', 'Tóquio', 'Estádio Nacional', 1, 'Setor A');
INSERT INTO EVENTO (NOME_DO_EVENTO, DATA_EVENTO, PAIS, ESTADO, CIDADE, LOGRADOURO, NUMERO, COMPLEMENTO)
VALUES ('Evento Copa América', TO_DATE('2022-08-15', 'YYYY-MM-DD'), 'EUA', 'OR', 'Eugene', 'Hayward Field', 1, 'Bloco B');
INSERT INTO EVENTO (NOME_DO_EVENTO, DATA_EVENTO, PAIS, ESTADO, CIDADE, LOGRADOURO, NUMERO, COMPLEMENTO)
VALUES ('Evento Champions League', TO_DATE('2023-06-18', 'YYYY-MM-DD'), 'Japão', 'JP', 'Fukuoka', 'Marine Messe Fukuoka', 2, NULL);
INSERT INTO EVENTO (NOME_DO_EVENTO, DATA_EVENTO, PAIS, ESTADO, CIDADE, LOGRADOURO, NUMERO, COMPLEMENTO)
VALUES ('Evento Copa Libertadores', TO_DATE('2023-10-20', 'YYYY-MM-DD'), 'Chile', 'RM', 'Santiago', 'Estádio Nacional', 3, 'Entrada Sul');
INSERT INTO EVENTO (NOME_DO_EVENTO, DATA_EVENTO, PAIS, ESTADO, CIDADE, LOGRADOURO, NUMERO, COMPLEMENTO)
VALUES ('Evento Copa das Confederações', TO_DATE('2024-04-15', 'YYYY-MM-DD'), 'EUA', 'MA', 'Boston', 'Boylston Street', 500, 'Suite 10');
INSERT INTO EVENTO (NOME_DO_EVENTO, DATA_EVENTO, PAIS, ESTADO, CIDADE, LOGRADOURO, NUMERO, COMPLEMENTO)
VALUES ('Evento Liga Europa', TO_DATE('2022-09-15', 'YYYY-MM-DD'), 'EUA', 'MA', 'Sidney', 'Sidney Street', 800, 'Bloco C');


-- Inserção de competições na tabela COMPETICAO
INSERT INTO COMPETICAO (NOME_DA_COMPETICAO, DATA_DA_COMPETICAO, CLASSIFICACAO, MODALIDADE)
VALUES ('Competição Copa do Mundo FIFA', TO_DATE('2021-07-24', 'YYYY-MM-DD'), 'Profissional', 'Atletismo');
INSERT INTO COMPETICAO (NOME_DA_COMPETICAO, DATA_DA_COMPETICAO, CLASSIFICACAO, MODALIDADE)
VALUES ('Competição Copa América', TO_DATE('2021-07-25', 'YYYY-MM-DD'), 'Profissional', 'Natação');
INSERT INTO COMPETICAO (NOME_DA_COMPETICAO, DATA_DA_COMPETICAO, CLASSIFICACAO, MODALIDADE)
VALUES ('Competição Champions League', TO_DATE('2022-08-16', 'YYYY-MM-DD'), 'Profissional', 'Atletismo');
INSERT INTO COMPETICAO (NOME_DA_COMPETICAO, DATA_DA_COMPETICAO, CLASSIFICACAO, MODALIDADE)
VALUES ('Competição Copa Libertadores', TO_DATE('2023-06-19', 'YYYY-MM-DD'), 'Profissional', 'Natação');
INSERT INTO COMPETICAO (NOME_DA_COMPETICAO, DATA_DA_COMPETICAO, CLASSIFICACAO, MODALIDADE)
VALUES ('Copa das Confederações', TO_DATE('2023-10-21', 'YYYY-MM-DD'), 'Profissional', 'Atletismo');
INSERT INTO COMPETICAO (NOME_DA_COMPETICAO, DATA_DA_COMPETICAO, CLASSIFICACAO, MODALIDADE)
VALUES ('Competição Liga Europa', TO_DATE('2024-04-15', 'YYYY-MM-DD'), 'Profissional', 'Corrida');



-- Inserções na tabela RECORDES
INSERT INTO RECORDES (MODALIDADE, DATA, INFORMACAO)
VALUES ('Futebol', TO_DATE('2021-11-28', 'YYYY-MM-DD'), 'Goleador de Campeonato Brasileiro - Neymar Jr.');
INSERT INTO RECORDES (MODALIDADE, DATA, INFORMACAO)
VALUES ('Futebol', TO_DATE('2022-12-18', 'YYYY-MM-DD'), 'Artilheiro Copa do Mundo - Gabriel Barbosa');
INSERT INTO RECORDES (MODALIDADE, DATA, INFORMACAO)
VALUES ('Futebol', TO_DATE('2021-06-14', 'YYYY-MM-DD'), 'Gol Mais Rápido da Final da Copa América - Richarlison');
INSERT INTO RECORDES (MODALIDADE, DATA, INFORMACAO)
VALUES ('Futebol', TO_DATE('2021-08-01', 'YYYY-MM-DD'), 'Melhor Jogador do Campeonato Carioca - Lucas Paquetá');
INSERT INTO RECORDES (MODALIDADE, DATA, INFORMACAO)
VALUES ('Futebol', TO_DATE('2022-10-20', 'YYYY-MM-DD'), 'Maior Número de Assistências em Jogos de Série A - Felipe Melo');
INSERT INTO RECORDES (MODALIDADE, DATA, INFORMACAO)
VALUES ('Futebol', TO_DATE('2023-03-04', 'YYYY-MM-DD'), 'Gol Mais Longo de Libertadores - Robson de Souza (Robinho)');
INSERT INTO RECORDES (MODALIDADE, DATA, INFORMACAO)
VALUES ('Futebol', TO_DATE('2024-01-10', 'YYYY-MM-DD'), 'Maior Número de Gols em um Clássico Paulista - Jô');



-- Inserções na tabela RESULTADOS
INSERT INTO RESULTADOS (NOME_DA_COMPETICAO, DATA_DA_COMPETICAO, ATLETA, RODADA, PONTOS, RECORDE)
VALUES ('Competição Copa do Mundo FIFA', TO_DATE('2021-07-24', 'YYYY-MM-DD'), '234.567.890-00', 1, 85, 'Recorde de Velocidade');
INSERT INTO RESULTADOS (NOME_DA_COMPETICAO, DATA_DA_COMPETICAO, ATLETA, RODADA, PONTOS, RECORDE)
VALUES ('Competição Copa do Mundo FIFA', TO_DATE('2021-07-24', 'YYYY-MM-DD'), '345.678.901-00', 1, 90, 'Recorde de Velocidade');
INSERT INTO RESULTADOS (NOME_DA_COMPETICAO, DATA_DA_COMPETICAO, ATLETA, RODADA, PONTOS, RECORDE)
VALUES ('Competição Copa América', TO_DATE('2021-07-25', 'YYYY-MM-DD'), '456.789.012-00', 1, 95, 'Recorde de Tempo');
INSERT INTO RESULTADOS (NOME_DA_COMPETICAO, DATA_DA_COMPETICAO, ATLETA, RODADA, PONTOS, RECORDE)
VALUES ('Competição Copa Libertadores', TO_DATE('2023-06-19', 'YYYY-MM-DD'), '567.890.123-00', 1, 90, 'Recorde de Distância');
INSERT INTO RESULTADOS (NOME_DA_COMPETICAO, DATA_DA_COMPETICAO, ATLETA, RODADA, PONTOS, RECORDE)
VALUES ('Competição Champions League', TO_DATE('2022-08-16', 'YYYY-MM-DD'), '678.901.234-00', 1, 80, 'Recorde de Distância');
INSERT INTO RESULTADOS (NOME_DA_COMPETICAO, DATA_DA_COMPETICAO, ATLETA, RODADA, PONTOS, RECORDE)
VALUES ('Copa das Confederações', TO_DATE('2023-10-21', 'YYYY-MM-DD'), '789.012.345-00', 1, 88, 'Recorde de Lançamento');
INSERT INTO RESULTADOS (NOME_DA_COMPETICAO, DATA_DA_COMPETICAO, ATLETA, RODADA, PONTOS, RECORDE)
VALUES ('Copa das Confederações', TO_DATE('2023-10-21', 'YYYY-MM-DD'), '890.123.456-00', 1, 92, 'Recorde de Lançamento');
INSERT INTO RESULTADOS (NOME_DA_COMPETICAO, DATA_DA_COMPETICAO, ATLETA, RODADA, PONTOS, RECORDE)
VALUES ('Competição Liga Europa', TO_DATE('2024-04-15', 'YYYY-MM-DD'), '901.234.567-00', 1, 100, 'Recorde de Corrida');


-- Inserção de esportes praticados
INSERT INTO ESPORTES_PRATICADOS (ATLETA, NOME_DO_ESPORTE, CATEGORIA_DO_ESPORTE)
VALUES ('234.567.890-00', 'Futebol', 'Profissional');
INSERT INTO ESPORTES_PRATICADOS (ATLETA, NOME_DO_ESPORTE, CATEGORIA_DO_ESPORTE)
VALUES ('345.678.901-00', 'Futebol', 'Profissional');
INSERT INTO ESPORTES_PRATICADOS (ATLETA, NOME_DO_ESPORTE, CATEGORIA_DO_ESPORTE)
VALUES ('456.789.012-00', 'Futebol', 'Profissional');
INSERT INTO ESPORTES_PRATICADOS (ATLETA, NOME_DO_ESPORTE, CATEGORIA_DO_ESPORTE)
VALUES ('567.890.123-00', 'Futebol', 'Profissional');
INSERT INTO ESPORTES_PRATICADOS (ATLETA, NOME_DO_ESPORTE, CATEGORIA_DO_ESPORTE)
VALUES ('678.901.234-00', 'Futebol', 'Profissional');
INSERT INTO ESPORTES_PRATICADOS (ATLETA, NOME_DO_ESPORTE, CATEGORIA_DO_ESPORTE)
VALUES ('789.012.345-00', 'Futebol', 'Profissional');
INSERT INTO ESPORTES_PRATICADOS (ATLETA, NOME_DO_ESPORTE, CATEGORIA_DO_ESPORTE)
VALUES ('890.123.456-00', 'Futebol', 'Profissional');
INSERT INTO ESPORTES_PRATICADOS (ATLETA, NOME_DO_ESPORTE, CATEGORIA_DO_ESPORTE)
VALUES ('901.234.567-00', 'Futebol', 'Profissional');


-- Inserção de locais de treino
INSERT INTO LOCAL_DE_TREINO (NOME_DO_ESPACO, PAIS, ESTADO, CIDADE, LOGRADOURO, NUMERO, COMPLEMENTO)
VALUES ('Estádio Olímpico', 'Japão', 'TK', 'Tóquio', 'Avenida Central', 100, 'Bloco A');
INSERT INTO LOCAL_DE_TREINO (NOME_DO_ESPACO, PAIS, ESTADO, CIDADE, LOGRADOURO, NUMERO, COMPLEMENTO)
VALUES ('Centro Aquático', 'Japão', 'TK', 'Tóquio', 'Rua das Águas', 200, NULL);
INSERT INTO LOCAL_DE_TREINO (NOME_DO_ESPACO, PAIS, ESTADO, CIDADE, LOGRADOURO, NUMERO, COMPLEMENTO)
VALUES ('Arena de Atletismo', 'EUA', 'OR', 'Eugene', 'Rua dos Atletas', 300, 'Sala 1');
INSERT INTO LOCAL_DE_TREINO (NOME_DO_ESPACO, PAIS, ESTADO, CIDADE, LOGRADOURO, NUMERO, COMPLEMENTO)
VALUES ('Piscina Mundial', 'Japão', 'FK', 'Fukuoka', 'Praça do Esporte', 400, NULL);
INSERT INTO LOCAL_DE_TREINO (NOME_DO_ESPACO, PAIS, ESTADO, CIDADE, LOGRADOURO, NUMERO, COMPLEMENTO)
VALUES ('Complexo Panamericano', 'Chile', 'RM', 'Santiago', 'Avenida Pan', 500, 'Edifício B');
INSERT INTO LOCAL_DE_TREINO (NOME_DO_ESPACO, PAIS, ESTADO, CIDADE, LOGRADOURO, NUMERO, COMPLEMENTO)
VALUES ('Academia Boston', 'EUA', 'MA', 'Boston', 'Rua do Maratona', 600, NULL);


-- Inserções na tabela OBJETIVO_DE_DESENVOLVIMENTO
INSERT INTO OBJETIVO_DE_DESENVOLVIMENTO (ATLETA, NUM_OBJETIVO, DESCRICAO, STATUS)
VALUES ('234.567.890-00', 1, 'Aprimorar a precisão nos passes', 'EM PROGRESSO');
INSERT INTO OBJETIVO_DE_DESENVOLVIMENTO (ATLETA, NUM_OBJETIVO, DESCRICAO, STATUS)
VALUES ('234.567.890-00', 2, 'Melhorar o condicionamento físico para jogos intensos', 'CONCLUIDO');
INSERT INTO OBJETIVO_DE_DESENVOLVIMENTO (ATLETA, NUM_OBJETIVO, DESCRICAO, STATUS)
VALUES ('345.678.901-00', 1, 'Aumentar a eficiência nas finalizações', 'EM PROGRESSO');
INSERT INTO OBJETIVO_DE_DESENVOLVIMENTO (ATLETA, NUM_OBJETIVO, DESCRICAO, STATUS)
VALUES ('345.678.901-00', 2, 'Desenvolver maior resistência cardiorrespiratória', 'EM PROGRESSO');
INSERT INTO OBJETIVO_DE_DESENVOLVIMENTO (ATLETA, NUM_OBJETIVO, DESCRICAO, STATUS)
VALUES ('456.789.012-00', 1, 'Melhorar a postura corporal durante os treinos', 'CONCLUIDO');
INSERT INTO OBJETIVO_DE_DESENVOLVIMENTO (ATLETA, NUM_OBJETIVO, DESCRICAO, STATUS)
VALUES ('456.789.012-00', 2, 'Aprimorar as habilidades no jogo aéreo', 'EM PROGRESSO');
INSERT INTO OBJETIVO_DE_DESENVOLVIMENTO (ATLETA, NUM_OBJETIVO, DESCRICAO, STATUS)
VALUES ('567.890.123-00', 1, 'Desenvolver maior flexibilidade muscular', 'ABANDONADO');
INSERT INTO OBJETIVO_DE_DESENVOLVIMENTO (ATLETA, NUM_OBJETIVO, DESCRICAO, STATUS)
VALUES ('567.890.123-00', 2, 'Aumentar a agilidade em dribles rápidos', 'EM PROGRESSO');
INSERT INTO OBJETIVO_DE_DESENVOLVIMENTO (ATLETA, NUM_OBJETIVO, DESCRICAO, STATUS)
VALUES ('678.901.234-00', 1, 'Aprimorar a liderança em campo', 'CONCLUIDO');
INSERT INTO OBJETIVO_DE_DESENVOLVIMENTO (ATLETA, NUM_OBJETIVO, DESCRICAO, STATUS)
VALUES ('678.901.234-00', 2, 'Reduzir o número de faltas cometidas', 'EM PROGRESSO');
INSERT INTO OBJETIVO_DE_DESENVOLVIMENTO (ATLETA, NUM_OBJETIVO, DESCRICAO, STATUS)
VALUES ('789.012.345-00', 1, 'Aprimorar a técnica no domínio de bola', 'CONCLUIDO');
INSERT INTO OBJETIVO_DE_DESENVOLVIMENTO (ATLETA, NUM_OBJETIVO, DESCRICAO, STATUS)
VALUES ('789.012.345-00', 2, 'Melhorar a visão de jogo em passes longos', 'EM PROGRESSO');
INSERT INTO OBJETIVO_DE_DESENVOLVIMENTO (ATLETA, NUM_OBJETIVO, DESCRICAO, STATUS)
VALUES ('890.123.456-00', 1, 'Aprimorar a técnica em cobranças de falta', 'ABANDONADO');
INSERT INTO OBJETIVO_DE_DESENVOLVIMENTO (ATLETA, NUM_OBJETIVO, DESCRICAO, STATUS)
VALUES ('890.123.456-00', 2, 'Aumentar a resistência para corridas de longa duração', 'EM PROGRESSO');
INSERT INTO OBJETIVO_DE_DESENVOLVIMENTO (ATLETA, NUM_OBJETIVO, DESCRICAO, STATUS)
VALUES ('901.234.567-00', 1, 'Desenvolver maior precisão em cabeceios', 'CONCLUIDO');
INSERT INTO OBJETIVO_DE_DESENVOLVIMENTO (ATLETA, NUM_OBJETIVO, DESCRICAO, STATUS)
VALUES ('901.234.567-00', 2, 'Reduzir o índice de lesões musculares', 'EM PROGRESSO');


-- Inserção de sessões de mentoria
INSERT INTO SESSAO_DE_MENTORIA (ATLETA, DATA, TOPICO, EXERCICIO, ACOMPANHAMENTO_DE_PROGRESSO, LOCAL_DE_TREINO)
VALUES ('234.567.890-00', TO_DATE('2023-07-01', 'YYYY-MM-DD'), 'Treino de Velocidade', 'Corrida Rápida', 'Aprimorou explosão inicial', 'Estádio Olímpico');
INSERT INTO SESSAO_DE_MENTORIA (ATLETA, DATA, TOPICO, EXERCICIO, ACOMPANHAMENTO_DE_PROGRESSO, LOCAL_DE_TREINO)
VALUES ('345.678.901-00', TO_DATE('2023-07-15', 'YYYY-MM-DD'), 'Resistência Cardiorrespiratória', 'Corrida em Esteira', 'Reduziu batimentos por minuto', 'Arena de Atletismo');
INSERT INTO SESSAO_DE_MENTORIA (ATLETA, DATA, TOPICO, EXERCICIO, ACOMPANHAMENTO_DE_PROGRESSO, LOCAL_DE_TREINO)
VALUES ('456.789.012-00', TO_DATE('2023-08-10', 'YYYY-MM-DD'), 'Aprimoramento de Técnica', 'Salto Triplo', 'Corrigiu postura durante o salto', 'Complexo Panamericano');
INSERT INTO SESSAO_DE_MENTORIA (ATLETA, DATA, TOPICO, EXERCICIO, ACOMPANHAMENTO_DE_PROGRESSO, LOCAL_DE_TREINO)
VALUES ('567.890.123-00', TO_DATE('2023-09-20', 'YYYY-MM-DD'), 'Treino de Resistência', 'Corrida Longa', 'Aumentou distância percorrida em 1km', 'Academia Boston');
INSERT INTO SESSAO_DE_MENTORIA (ATLETA, DATA, TOPICO, EXERCICIO, ACOMPANHAMENTO_DE_PROGRESSO, LOCAL_DE_TREINO)
VALUES ('678.901.234-00', TO_DATE('2023-10-05', 'YYYY-MM-DD'), 'Treino de Força', 'Levantamento de Peso', 'Incrementou carga em 10%', 'Estádio Olímpico');
INSERT INTO SESSAO_DE_MENTORIA (ATLETA, DATA, TOPICO, EXERCICIO, ACOMPANHAMENTO_DE_PROGRESSO, LOCAL_DE_TREINO)
VALUES ('789.012.345-00', TO_DATE('2023-10-20', 'YYYY-MM-DD'), 'Treino de Flexibilidade', 'Alongamentos', 'Melhorou amplitude em 15%', 'Piscina Mundial');
INSERT INTO SESSAO_DE_MENTORIA (ATLETA, DATA, TOPICO, EXERCICIO, ACOMPANHAMENTO_DE_PROGRESSO, LOCAL_DE_TREINO)
VALUES ('890.123.456-00', TO_DATE('2023-11-01', 'YYYY-MM-DD'), 'Treino de Natação', 'Nado Borboleta', 'Reduziu tempo em 3 segundos', 'Centro Aquático');
INSERT INTO SESSAO_DE_MENTORIA (ATLETA, DATA, TOPICO, EXERCICIO, ACOMPANHAMENTO_DE_PROGRESSO, LOCAL_DE_TREINO)
VALUES ('901.234.567-00', TO_DATE('2023-11-15', 'YYYY-MM-DD'), 'Treino de Agilidade', 'Circuito com Barreiras', 'Reduziu tempo em 5%', 'Complexo Panamericano');


-- Inserção de equipamentos de treino
INSERT INTO EQUIPAMENTOS_DE_TREINO (LOCAL_DE_TREINO, EQUIPAMENTO)
VALUES ('Estádio Olímpico', 'Pista');
INSERT INTO EQUIPAMENTOS_DE_TREINO (LOCAL_DE_TREINO, EQUIPAMENTO)
VALUES ('Estádio Olímpico', 'Barra');
INSERT INTO EQUIPAMENTOS_DE_TREINO (LOCAL_DE_TREINO, EQUIPAMENTO)
VALUES ('Centro Aquático', 'Piscina');
INSERT INTO EQUIPAMENTOS_DE_TREINO (LOCAL_DE_TREINO, EQUIPAMENTO)
VALUES ('Centro Aquático', 'Raia');
INSERT INTO EQUIPAMENTOS_DE_TREINO (LOCAL_DE_TREINO, EQUIPAMENTO)
VALUES ('Arena de Atletismo', 'Salto');
INSERT INTO EQUIPAMENTOS_DE_TREINO (LOCAL_DE_TREINO, EQUIPAMENTO)
VALUES ('Arena de Atletismo', 'Arremesso');
INSERT INTO EQUIPAMENTOS_DE_TREINO (LOCAL_DE_TREINO, EQUIPAMENTO)
VALUES ('Piscina Mundial', 'Piscina');
INSERT INTO EQUIPAMENTOS_DE_TREINO (LOCAL_DE_TREINO, EQUIPAMENTO)
VALUES ('Piscina Mundial', 'Raia');
INSERT INTO EQUIPAMENTOS_DE_TREINO (LOCAL_DE_TREINO, EQUIPAMENTO)
VALUES ('Complexo Panamericano', 'Peso');
INSERT INTO EQUIPAMENTOS_DE_TREINO (LOCAL_DE_TREINO, EQUIPAMENTO)
VALUES ('Complexo Panamericano', 'Bola');
INSERT INTO EQUIPAMENTOS_DE_TREINO (LOCAL_DE_TREINO, EQUIPAMENTO)
VALUES ('Academia Boston', 'Esteira');
INSERT INTO EQUIPAMENTOS_DE_TREINO (LOCAL_DE_TREINO, EQUIPAMENTO)
VALUES ('Academia Boston', 'Halteres');


-- Inserções na tabela PARTICIPA
INSERT INTO PARTICIPA (ATLETA, NOME_DA_COMPETICAO, DATA_DA_COMPETICAO)
VALUES ('234.567.890-00', 'Competição Copa do Mundo FIFA', TO_DATE('2021-07-24', 'YYYY-MM-DD'));
INSERT INTO PARTICIPA (ATLETA, NOME_DA_COMPETICAO, DATA_DA_COMPETICAO)
VALUES ('345.678.901-00', 'Competição Copa América', TO_DATE('2021-07-25', 'YYYY-MM-DD'));
INSERT INTO PARTICIPA (ATLETA, NOME_DA_COMPETICAO, DATA_DA_COMPETICAO)
VALUES ('456.789.012-00', 'Competição Champions League', TO_DATE('2022-08-16', 'YYYY-MM-DD'));
INSERT INTO PARTICIPA (ATLETA, NOME_DA_COMPETICAO, DATA_DA_COMPETICAO)
VALUES ('567.890.123-00', 'Competição Copa Libertadores', TO_DATE('2023-06-19', 'YYYY-MM-DD'));
INSERT INTO PARTICIPA (ATLETA, NOME_DA_COMPETICAO, DATA_DA_COMPETICAO)
VALUES ('678.901.234-00', 'Copa das Confederações', TO_DATE('2023-10-21', 'YYYY-MM-DD'));
INSERT INTO PARTICIPA (ATLETA, NOME_DA_COMPETICAO, DATA_DA_COMPETICAO)
VALUES ('789.012.345-00', 'Competição Liga Europa', TO_DATE('2024-04-15', 'YYYY-MM-DD'));
INSERT INTO PARTICIPA (ATLETA, NOME_DA_COMPETICAO, DATA_DA_COMPETICAO)
VALUES ('890.123.456-00', 'Competição Copa do Mundo FIFA', TO_DATE('2021-07-24', 'YYYY-MM-DD'));
INSERT INTO PARTICIPA (ATLETA, NOME_DA_COMPETICAO, DATA_DA_COMPETICAO)
VALUES ('901.234.567-00', 'Competição Copa Libertadores', TO_DATE('2023-06-19', 'YYYY-MM-DD'));


-- Inserção de competições em eventos conforme a nova estrutura
INSERT INTO COMPETICAO_EM_EVENTO (NOME_DA_COMPETICAO, DATA_COMPETICAO, NOME_DO_EVENTO, DATA_EVENTO)
VALUES ('Competição Copa do Mundo FIFA', TO_DATE('2021-07-24', 'YYYY-MM-DD'), 'Evento Copa do Mundo FIFA', TO_DATE('2021-07-23', 'YYYY-MM-DD'));
INSERT INTO COMPETICAO_EM_EVENTO (NOME_DA_COMPETICAO, DATA_COMPETICAO, NOME_DO_EVENTO, DATA_EVENTO)
VALUES ('Competição Copa América', TO_DATE('2021-07-25', 'YYYY-MM-DD'), 'Evento Copa América', TO_DATE('2022-08-15', 'YYYY-MM-DD'));
INSERT INTO COMPETICAO_EM_EVENTO (NOME_DA_COMPETICAO, DATA_COMPETICAO, NOME_DO_EVENTO, DATA_EVENTO)
VALUES ('Competição Champions League', TO_DATE('2022-08-16', 'YYYY-MM-DD'), 'Evento Champions League', TO_DATE('2023-06-18', 'YYYY-MM-DD'));
INSERT INTO COMPETICAO_EM_EVENTO (NOME_DA_COMPETICAO, DATA_COMPETICAO, NOME_DO_EVENTO, DATA_EVENTO)
VALUES ('Competição Copa Libertadores', TO_DATE('2023-06-19', 'YYYY-MM-DD'), 'Evento Copa Libertadores', TO_DATE('2023-10-20', 'YYYY-MM-DD'));
INSERT INTO COMPETICAO_EM_EVENTO (NOME_DA_COMPETICAO, DATA_COMPETICAO, NOME_DO_EVENTO, DATA_EVENTO)
VALUES ('Copa das Confederações', TO_DATE('2023-10-21', 'YYYY-MM-DD'), 'Evento Copa das Confederações', TO_DATE('2024-04-15', 'YYYY-MM-DD'));
INSERT INTO COMPETICAO_EM_EVENTO (NOME_DA_COMPETICAO, DATA_COMPETICAO, NOME_DO_EVENTO, DATA_EVENTO)
VALUES ('Competição Liga Europa', TO_DATE('2024-04-15', 'YYYY-MM-DD'), 'Evento Liga Europa', TO_DATE('2022-09-15', 'YYYY-MM-DD'));


-- Inserção de esportes associados aos eventos
INSERT INTO ESPORTES_EVENTO (ESPORTE, NOME_DO_EVENTO, DATA_EVENTO)
VALUES ('Futebol', 'Evento Copa do Mundo FIFA', TO_DATE('2021-07-23', 'YYYY-MM-DD'));
INSERT INTO ESPORTES_EVENTO (ESPORTE, NOME_DO_EVENTO, DATA_EVENTO)
VALUES ('Futebol', 'Evento Copa América', TO_DATE('2022-08-15', 'YYYY-MM-DD'));
INSERT INTO ESPORTES_EVENTO (ESPORTE, NOME_DO_EVENTO, DATA_EVENTO)
VALUES ('Futebol', 'Evento Champions League', TO_DATE('2023-06-18', 'YYYY-MM-DD'));
INSERT INTO ESPORTES_EVENTO (ESPORTE, NOME_DO_EVENTO, DATA_EVENTO)
VALUES ('Futebol', 'Evento Copa Libertadores', TO_DATE('2023-10-20', 'YYYY-MM-DD'));
INSERT INTO ESPORTES_EVENTO (ESPORTE, NOME_DO_EVENTO, DATA_EVENTO)
VALUES ('Futebol', 'Evento Copa das Confederações', TO_DATE('2024-04-15', 'YYYY-MM-DD'));
INSERT INTO ESPORTES_EVENTO (ESPORTE, NOME_DO_EVENTO, DATA_EVENTO)
VALUES ('Futebol', 'Evento Liga Europa', TO_DATE('2022-09-15', 'YYYY-MM-DD'));


-- ALERGIAS
-- Grupo 1: Com uma alergia
-- Mentores com uma alergia
INSERT INTO ALERGIAS_MENTOR (MENTOR, ALERGIA) VALUES ('123.456.789-00', 'Pólen'); -- Mentor Ricardo Rocha


-- Atletas com uma alergia
INSERT INTO ALERGIAS_ATLETA (ATLETA, ALERGIA) VALUES ('234.567.890-00', 'Glúten'); -- Atleta Neymar Jr.
INSERT INTO ALERGIAS_ATLETA (ATLETA, ALERGIA) VALUES ('345.678.901-00', 'Lactose'); -- Atleta Gabriel Barbosa
INSERT INTO ALERGIAS_ATLETA (ATLETA, ALERGIA) VALUES ('456.789.012-00', 'Frutos do mar'); -- Atleta Richarlison
INSERT INTO ALERGIAS_ATLETA (ATLETA, ALERGIA) VALUES ('567.890.123-00', 'Poeira'); -- Atleta Lucas Paquetá


INSERT INTO ALERGIAS_MENTOR (MENTOR, ALERGIA) VALUES ('987.654.321-00', 'Pólen'); -- Mentor Tânia Silva
INSERT INTO ALERGIAS_MENTOR (MENTOR, ALERGIA) VALUES ('987.654.321-00', 'Lactose'); -- Mentor Tânia Silva
INSERT INTO ALERGIAS_MENTOR (MENTOR, ALERGIA) VALUES ('987.654.321-00', 'Camarão'); -- Mentor Tânia Silva



/* TUDO CERTO ATÉ AQUI!!!!!!!!!!!!!!!!*/

-- Atletas com 3 ou mais alergias

INSERT INTO ALERGIAS_ATLETA (ATLETA, ALERGIA) VALUES ('456.789.012-00', 'Pólen'); -- Atleta Richarlison
INSERT INTO ALERGIAS_ATLETA (ATLETA, ALERGIA) VALUES ('456.789.012-00', 'Ácaro'); -- Atleta Richarlison
INSERT INTO ALERGIAS_ATLETA (ATLETA, ALERGIA) VALUES ('678.901.234-00', 'Lactose'); -- Atleta Felipe Melo
INSERT INTO ALERGIAS_ATLETA (ATLETA, ALERGIA) VALUES ('678.901.234-00', 'Pele de animal'); -- Atleta Felipe Melo
INSERT INTO ALERGIAS_ATLETA (ATLETA, ALERGIA) VALUES ('678.901.234-00', 'Glúten'); -- Atleta Felipe Melo
INSERT INTO ALERGIAS_ATLETA (ATLETA, ALERGIA) VALUES ('789.012.345-00', 'Pólen'); -- Atleta Robson de Souza
INSERT INTO ALERGIAS_ATLETA (ATLETA, ALERGIA) VALUES ('789.012.345-00', 'Frutos do mar'); -- Atleta Robson de Souza
INSERT INTO ALERGIAS_ATLETA (ATLETA, ALERGIA) VALUES ('789.012.345-00', 'Lactose'); -- Atleta Robson de Souza
INSERT INTO ALERGIAS_ATLETA (ATLETA, ALERGIA) VALUES ('890.123.456-00', 'Glúten'); -- Atleta Ricardo Goulart
INSERT INTO ALERGIAS_ATLETA (ATLETA, ALERGIA) VALUES ('890.123.456-00', 'Poeira'); -- Atleta Ricardo Goulart
INSERT INTO ALERGIAS_ATLETA (ATLETA, ALERGIA) VALUES ('890.123.456-00', 'Camarão'); -- Atleta Ricardo Goulart
INSERT INTO ALERGIAS_ATLETA (ATLETA, ALERGIA) VALUES ('890.123.456-00', 'Lactose'); -- Atleta Ricardo Goulart
INSERT INTO ALERGIAS_ATLETA (ATLETA, ALERGIA) VALUES ('901.234.567-00', 'Pólen'); -- Atleta Jô
INSERT INTO ALERGIAS_ATLETA (ATLETA, ALERGIA) VALUES ('901.234.567-00', 'Amendoim'); -- Atleta Jô
INSERT INTO ALERGIAS_ATLETA (ATLETA, ALERGIA) VALUES ('901.234.567-00', 'Pele de animal'); -- Atleta Jô
